P,protocol,mobility,nNodes,seed,pid,start_epoch,end_epoch,duration_s,exit_status,peak_rss_kb,results_row_present
1,AODV,Realistic,100,1,158292,1791236670.916335983,1791236745.104229111,74.188,0,107592,1
1,AODV,Realistic,100,2,158319,1791236745.112144973,1791236805.847535231,60.735,0,105980,1
1,AODV,Realistic,100,3,158358,1791236805.855271372,1791236881.060502209,75.205,0,109856,1
1,AODV,Realistic,100,4,158377,1791236881.068388039,1791236963.413235081,82.345,0,113272,1
1,AODV,Realistic,100,5,158437,1791236963.421227611,1791237034.068459752,70.647,0,108344,1
1,AODV,Realistic,50,1,159011,1791237769.134719181,1791237797.480710665,28.346,0,82140,1
1,AODV,Realistic,50,2,159028,1791237797.488443891,1791237824.124168325,26.636,0,82184,1
1,AODV,Realistic,50,3,159078,1791237824.131927006,1791237849.840657414,25.709,0,82212,1
1,AODV,Realistic,50,4,159099,1791237849.848380662,1791237876.060117543,26.212,0,81936,1
1,AODV,Realistic,50,5,159117,1791237876.067838577,1791237901.198080353,25.130,0,81392,1
1,AODV,RWP,100,1,158096,1791236292.248189521,1791236370.503784179,78.256,0,113364,1
1,AODV,RWP,100,2,158157,1791236370.511777978,1791236444.794746662,74.283,0,117720,1
1,AODV,RWP,100,3,158183,1791236444.802327029,1791236511.137478746,66.335,0,114732,1
1,AODV,RWP,100,4,158217,1791236511.145391960,1791236585.106706299,73.961,0,118356,1
1,AODV,RWP,100,5,158236,1791236585.114408948,1791236670.908592756,85.794,0,116488,1
1,AODV,RWP,50,1,158922,1791237663.521878442,1791237680.278872454,16.757,0,76724,1
1,AODV,RWP,50,2,158939,1791237680.286585551,1791237699.310219767,19.024,0,79476,1
1,AODV,RWP,50,3,158956,1791237699.318036148,1791237719.316254675,19.998,0,76628,1
1,AODV,RWP,50,4,158975,1791237719.324083745,1791237752.527651271,33.204,0,88644,1
1,AODV,RWP,50,5,158992,1791237752.535379943,1791237769.127057447,16.592,0,76696,1
1,DSDV,Realistic,100,1,158592,1791237275.649527914,1791237310.371873459,34.722,0,70848,1
1,DSDV,Realistic,100,2,158628,1791237310.379603050,1791237346.016338445,35.637,0,70760,1
1,DSDV,Realistic,100,3,158649,1791237346.024103965,1791237384.018441131,37.994,0,70436,1
1,DSDV,Realistic,100,4,158666,1791237384.026270692,1791237418.235866878,34.210,0,70904,1
1,DSDV,Realistic,100,5,158685,1791237418.243731220,1791237452.169048085,33.925,0,71192,1
1,DSDV,Realistic,50,1,159249,1791237961.726253509,1791237973.163195270,11.437,0,62980,1
1,DSDV,Realistic,50,2,159266,1791237973.170804181,1791237987.535447360,14.365,0,62984,1
1,DSDV,Realistic,50,3,159283,1791237987.543252406,1791237999.317858640,11.775,0,63200,1
1,DSDV,Realistic,50,4,159300,1791237999.325569058,1791238009.285235372,9.960,0,63000,1
1,DSDV,Realistic,50,5,159317,1791238009.292803517,1791238019.774029674,10.481,0,63312,1
1,DSDV,RWP,100,1,158460,1791237034.076191898,1791237083.729853435,49.654,0,71072,1
1,DSDV,RWP,100,2,158481,1791237083.737542014,1791237133.388858344,49.651,0,71048,1
1,DSDV,RWP,100,3,158500,1791237133.396573776,1791237179.274907567,45.878,0,70500,1
1,DSDV,RWP,100,4,158519,1791237179.282699997,1791237227.325295836,48.043,0,71664,1
1,DSDV,RWP,100,5,158572,1791237227.332877050,1791237275.641863698,48.309,0,70988,1
1,DSDV,RWP,50,1,159136,1791237901.205790238,1791237913.110160146,11.904,0,62772,1
1,DSDV,RWP,50,2,159157,1791237913.117817457,1791237925.108769832,11.991,0,62716,1
1,DSDV,RWP,50,3,159175,1791237925.116571227,1791237938.759770650,13.643,0,63052,1
1,DSDV,RWP,50,4,159205,1791237938.767586972,1791237951.410166345,12.643,0,62864,1
1,DSDV,RWP,50,5,159222,1791237951.418016190,1791237961.718640641,10.301,0,62624,1
1,OLSR,Realistic,100,1,158828,1791237575.950681891,1791237594.025071586,18.074,0,97956,1
1,OLSR,Realistic,100,2,158847,1791237594.032709838,1791237608.762403979,14.730,0,97876,1
1,OLSR,Realistic,100,3,158868,1791237608.770285401,1791237626.989601653,18.219,0,96984,1
1,OLSR,Realistic,100,4,158885,1791237626.997391382,1791237645.335779186,18.338,0,97960,1
1,OLSR,Realistic,100,5,158903,1791237645.343612816,1791237663.514087849,18.170,0,96700,1
1,OLSR,Realistic,50,1,159421,1791238066.291933043,1791238074.879102707,8.587,0,70592,1
1,OLSR,Realistic,50,2,159438,1791238074.886933641,1791238084.477673112,9.591,0,70824,1
1,OLSR,Realistic,50,3,159457,1791238084.485359230,1791238093.088558473,8.603,0,69952,1
1,OLSR,Realistic,50,4,159474,1791238093.096229786,1791238104.264575709,11.168,0,70456,1
1,OLSR,Realistic,50,5,159511,1791238104.272425558,1791238113.854376061,9.582,0,69164,1
1,OLSR,RWP,100,1,158702,1791237452.176827370,1791237477.914109020,25.737,0,154088,1
1,OLSR,RWP,100,2,158722,1791237477.921772775,1791237504.275167861,26.353,0,155848,1
1,OLSR,RWP,100,3,158759,1791237504.283182689,1791237527.370778608,23.088,0,146040,1
1,OLSR,RWP,100,4,158791,1791237527.378568374,1791237552.682243209,25.304,0,155004,1
1,OLSR,RWP,100,5,158810,1791237552.690082291,1791237575.943048424,23.253,0,142516,1
1,OLSR,RWP,50,1,159336,1791238019.781613903,1791238029.803373286,10.022,0,85732,1
1,OLSR,RWP,50,2,159353,1791238029.811266371,1791238038.145770550,8.335,0,83472,1
1,OLSR,RWP,50,3,159370,1791238038.153517500,1791238048.341990911,10.188,0,85748,1
1,OLSR,RWP,50,4,159387,1791238048.349658285,1791238058.041355844,9.692,0,86604,1
1,OLSR,RWP,50,5,159404,1791238058.049132454,1791238066.284174183,8.235,0,82540,1
2,AODV,Realistic,100,1,159637,1791238270.399690211,1791238346.303010405,75.903,0,107364,1
2,AODV,Realistic,100,2,159753,1791238344.724886941,1791238407.041447960,62.317,0,105704,1
2,AODV,Realistic,100,3,159770,1791238346.311279568,1791238423.329200280,77.018,0,109880,1
2,AODV,Realistic,100,4,159829,1791238407.049600116,1791238491.009565429,83.960,0,113020,1
2,AODV,Realistic,100,5,159846,1791238423.337316480,1791238495.074453485,71.737,0,108600,1
2,AODV,Realistic,50,1,160398,1791238867.472354501,1791238895.890571355,28.418,0,82316,1
2,AODV,Realistic,50,2,160415,1791238879.821416456,1791238906.256323003,26.435,0,82168,1
2,AODV,Realistic,50,3,160432,1791238895.898496469,1791238922.201441643,26.303,0,82064,1
2,AODV,Realistic,50,4,160449,1791238906.264529332,1791238932.469866478,26.205,0,82492,1
2,AODV,Realistic,50,5,160468,1791238922.209603011,1791238948.174307055,25.965,0,81548,1
2,AODV,RWP,100,1,159545,1791238113.871393138,1791238195.153785152,81.282,0,113648,1
2,AODV,RWP,100,2,159551,1791238113.873320116,1791238188.938786595,75.065,0,117460,1
2,AODV,RWP,100,3,159576,1791238188.947136661,1791238257.051190439,68.104,0,114992,1
2,AODV,RWP,100,4,159593,1791238195.162024342,1791238270.391680569,75.230,0,118360,1
2,AODV,RWP,100,5,159618,1791238257.059262643,1791238344.716707805,87.657,0,116576,1
2,AODV,RWP,50,1,160310,1791238812.743638325,1791238830.032719043,17.289,0,76768,1
2,AODV,RWP,50,2,160327,1791238826.969030037,1791238846.549245740,19.580,0,79700,1
2,AODV,RWP,50,3,160344,1791238830.040851706,1791238850.536797986,20.496,0,76616,1
2,AODV,RWP,50,4,160362,1791238846.557312003,1791238879.813124451,33.256,0,88496,1
2,AODV,RWP,50,5,160379,1791238850.544974558,1791238867.464088676,16.919,0,76604,1
2,DSDV,Realistic,100,1,159985,1791238597.506576517,1791238632.588131183,35.082,0,70804,1
2,DSDV,Realistic,100,2,160016,1791238632.596167747,1791238670.450685235,37.855,0,70944,1
2,DSDV,Realistic,100,3,160033,1791238643.338730044,1791238682.631497095,39.293,0,70728,1
2,DSDV,Realistic,100,4,160052,1791238670.458719150,1791238705.612416208,35.154,0,70900,1
2,DSDV,Realistic,100,5,160073,1791238682.639474667,1791238718.058016983,35.419,0,71128,1
2,DSDV,Realistic,50,1,160577,1791238968.975098585,1791238980.435662311,11.461,0,63068,1
2,DSDV,Realistic,50,2,160611,1791238972.214577840,1791238986.678438405,14.464,0,63036,1
2,DSDV,Realistic,50,3,160628,1791238980.443678392,1791238992.228468618,11.785,0,63064,1
2,DSDV,Realistic,50,4,160647,1791238986.686489583,1791238996.859759593,10.173,0,63148,1
2,DSDV,Realistic,50,5,160664,1791238992.236597332,1791239002.812860181,10.576,0,63268,1
2,DSDV,RWP,100,1,159868,1791238491.017712430,1791238543.557436612,52.540,0,70920,1
2,DSDV,RWP,100,2,159887,1791238495.082477560,1791238546.825959211,51.743,0,71108,1
2,DSDV,RWP,100,3,159932,1791238543.565503320,1791238592.819688126,49.254,0,70660,1
2,DSDV,RWP,100,4,159949,1791238546.834061204,1791238597.498590954,50.665,0,71484,1
2,DSDV,RWP,100,5,159968,1791238592.827920675,1791238643.330678482,50.503,0,70988,1
2,DSDV,RWP,50,1,160487,1791238932.478067272,1791238944.192211108,11.714,0,62872,1
2,DSDV,RWP,50,2,160504,1791238944.200351883,1791238956.201733597,12.001,0,62996,1
2,DSDV,RWP,50,3,160521,1791238948.182411327,1791238961.767060462,13.585,0,63312,1
2,DSDV,RWP,50,4,160539,1791238956.209801947,1791238968.966973373,12.757,0,62748,1
2,DSDV,RWP,50,5,160556,1791238961.775131565,1791238972.206325821,10.431,0,62596,1
2,OLSR,Realistic,100,1,160216,1791238771.188786410,1791238789.859086958,18.670,0,97932,1
2,OLSR,Realistic,100,2,160234,1791238779.254684319,1791238794.340448995,15.086,0,97920,1
2,OLSR,Realistic,100,3,160251,1791238789.867146602,1791238808.338417890,18.471,0,97232,1
2,OLSR,Realistic,100,4,160271,1791238794.348481020,1791238812.735636788,18.387,0,97788,1
2,OLSR,Realistic,100,5,160290,1791238808.346471789,1791238826.960870749,18.614,0,96672,1
2,OLSR,Realistic,50,1,160800,1791239020.734533635,1791239029.291713058,8.557,0,70492,1
2,OLSR,Realistic,50,2,160817,1791239025.215597815,1791239034.893905502,9.678,0,70936,1
2,OLSR,Realistic,50,3,160834,1791239029.299612886,1791239037.759024988,8.459,0,69972,1
2,OLSR,Realistic,50,4,160854,1791239034.902063818,1791239046.029996500,11.128,0,70508,1
2,OLSR,Realistic,50,5,160872,1791239037.767067816,1791239047.249886346,9.483,0,69472,1
2,OLSR,RWP,100,1,160123,1791238705.620569956,1791238731.830113132,26.210,0,154108,1
2,OLSR,RWP,100,2,160140,1791238718.066040207,1791238744.966169910,26.900,0,155920,1
2,OLSR,RWP,100,3,160157,1791238731.838138601,1791238755.267053350,23.429,0,146068,1
2,OLSR,RWP,100,4,160178,1791238744.974138222,1791238771.179739467,26.206,0,155096,1
2,OLSR,RWP,100,5,160195,1791238755.275045955,1791238779.246628496,23.972,0,142492,1
2,OLSR,RWP,50,1,160681,1791238996.867853129,1791239006.997184902,10.129,0,85884,1
2,OLSR,RWP,50,2,160701,1791239002.820973171,1791239011.089214313,8.268,0,83232,1
2,OLSR,RWP,50,3,160749,1791239007.005250326,1791239017.061588958,10.056,0,85968,1
2,OLSR,RWP,50,4,160766,1791239011.097411047,1791239020.726463247,9.629,0,86516,1
2,OLSR,RWP,50,5,160783,1791239017.069609947,1791239025.207581618,8.138,0,82308,1
4,AODV,Realistic,100,1,160989,1791239126.041728488,1791239204.391378564,78.350,0,107348,1
4,AODV,Realistic,100,2,161006,1791239126.495377377,1791239192.137463020,65.642,0,105912,1
4,AODV,Realistic,100,3,161023,1791239131.472929142,1791239210.028404754,78.555,0,109416,1
4,AODV,Realistic,100,4,161042,1791239192.145804860,1791239281.947286950,89.801,0,113160,1
4,AODV,Realistic,100,5,161073,1791239204.400319174,1791239279.147100428,74.747,0,108340,1
4,AODV,Realistic,50,1,161655,1791239436.639231585,1791239466.103162244,29.464,0,82020,1
4,AODV,Realistic,50,2,161672,1791239443.958299155,1791239471.930438681,27.972,0,82212,1
4,AODV,Realistic,50,3,161689,1791239444.077360371,1791239471.246868409,27.170,0,82240,1
4,AODV,Realistic,50,4,161707,1791239459.100189019,1791239486.496725976,27.397,0,82504,1
4,AODV,Realistic,50,5,161724,1791239466.111654633,1791239492.794257665,26.683,0,81544,1
4,AODV,RWP,100,1,160900,1791239047.266565555,1791239131.464430591,84.198,0,113200,1
4,AODV,RWP,100,2,160906,1791239047.268556869,1791239126.486775946,79.218,0,117508,1
4,AODV,RWP,100,3,160914,1791239047.270591598,1791239118.639681871,71.369,0,114964,1
4,AODV,RWP,100,4,160922,1791239047.272891673,1791239126.033249028,78.760,0,118232,1
4,AODV,RWP,100,5,160972,1791239118.648638212,1791239212.132177297,93.484,0,116912,1
4,AODV,RWP,50,1,161567,1791239408.900656439,1791239426.574748670,17.674,0,76560,1
4,AODV,RWP,50,2,161584,1791239416.500420778,1791239436.630453075,20.130,0,79408,1
4,AODV,RWP,50,3,161604,1791239422.835627035,1791239443.949749625,21.114,0,76800,1
4,AODV,RWP,50,4,161621,1791239424.353008464,1791239459.091628043,34.739,0,88528,1
4,AODV,RWP,50,5,161638,1791239426.583338557,1791239444.069043641,17.486,0,76772,1
4,DSDV,Realistic,100,1,161265,1791239281.955678380,1791239319.758603569,37.803,0,70768,1
4,DSDV,Realistic,100,2,161319,1791239318.892699623,1791239357.491177535,38.598,0,70888,1
4,DSDV,Realistic,100,3,161336,1791239319.767143154,1791239361.616322380,41.849,0,70668,1
4,DSDV,Realistic,100,4,161353,1791239322.849105416,1791239360.141809292,37.293,0,71112,1
4,DSDV,Realistic,100,5,161370,1791239333.555721113,1791239370.713851794,37.158,0,71072,1
4,DSDV,Realistic,50,1,161828,1791239492.803562303,1791239504.791561324,11.988,0,63164,1
4,DSDV,Realistic,50,2,161845,1791239497.147420873,1791239511.948957583,14.802,0,62884,1
4,DSDV,Realistic,50,3,161862,1791239497.860640573,1791239510.076365675,12.216,0,63212,1
4,DSDV,Realistic,50,4,161879,1791239498.118310434,1791239508.624580340,10.506,0,63064,1
4,DSDV,Realistic,50,5,161896,1791239504.800053856,1791239515.940027121,11.140,0,63008,1
4,DSDV,RWP,100,1,161090,1791239210.036805619,1791239266.208921670,56.172,0,70864,1
4,DSDV,RWP,100,2,161107,1791239212.140610881,1791239267.735209716,55.595,0,70980,1
4,DSDV,RWP,100,3,161131,1791239266.217567283,1791239318.884224035,52.667,0,70608,1
4,DSDV,RWP,100,4,161148,1791239267.743637675,1791239322.840510327,55.097,0,71556,1
4,DSDV,RWP,100,5,161248,1791239279.155487009,1791239333.547117328,54.392,0,70676,1
4,DSDV,RWP,50,1,161743,1791239471.255441536,1791239483.750980169,12.496,0,62632,1
4,DSDV,RWP,50,2,161760,1791239471.938963397,1791239484.328216729,12.389,0,62596,1
4,DSDV,RWP,50,3,161777,1791239483.760175245,1791239498.108660353,14.348,0,63212,1
4,DSDV,RWP,50,4,161794,1791239484.336597138,1791239497.851076901,13.514,0,62824,1
4,DSDV,RWP,50,5,161811,1791239486.505092641,1791239497.138846308,10.634,0,62620,1
4,OLSR,Realistic,100,1,161478,1791239385.761057503,1791239404.953109431,19.192,0,97992,1
4,OLSR,Realistic,100,2,161495,1791239387.940975365,1791239403.491145755,15.550,0,97772,1
4,OLSR,Realistic,100,3,161512,1791239397.521850984,1791239416.491688847,18.970,0,97304,1
4,OLSR,Realistic,100,4,161531,1791239403.499333492,1791239422.827204816,19.328,0,98012,1
4,OLSR,Realistic,100,5,161549,1791239404.962609739,1791239424.343654439,19.381,0,96676,1
4,OLSR,Realistic,50,1,161998,1791239519.095324239,1791239527.927737432,8.832,0,70504,1
4,OLSR,Realistic,50,2,162015,1791239522.332801485,1791239532.165004361,9.832,0,70808,1
4,OLSR,Realistic,50,3,162032,1791239525.929407930,1791239534.626408656,8.697,0,69992,1
4,OLSR,Realistic,50,4,162049,1791239527.181231823,1791239538.444476078,11.263,0,70272,1
4,OLSR,Realistic,50,5,162066,1791239527.936322464,1791239537.653203039,9.717,0,69396,1
4,OLSR,RWP,100,1,161392,1791239357.499650127,1791239384.478975831,26.979,0,153884,1
4,OLSR,RWP,100,2,161409,1791239360.150254689,1791239387.932485772,27.782,0,155920,1
4,OLSR,RWP,100,3,161427,1791239361.624573352,1791239385.752215270,24.128,0,146228,1
4,OLSR,RWP,100,4,161444,1791239370.722236263,1791239397.513682653,26.791,0,154528,1
4,OLSR,RWP,100,5,161461,1791239384.487489322,1791239408.892356935,24.405,0,142336,1
4,OLSR,RWP,50,1,161913,1791239508.633069474,1791239519.086364785,10.453,0,85776,1
4,OLSR,RWP,50,2,161930,1791239510.084822080,1791239518.717081605,8.632,0,83476,1
4,OLSR,RWP,50,3,161947,1791239511.957345359,1791239522.324364064,10.367,0,85624,1
4,OLSR,RWP,50,4,161964,1791239515.949676587,1791239525.919839155,9.970,0,86540,1
4,OLSR,RWP,50,5,161981,1791239518.725554856,1791239527.172493680,8.447,0,82436,1
6,AODV,Realistic,100,1,162143,1791239538.475520092,1791239621.658999351,83.183,0,107300,1
6,AODV,Realistic,100,2,162209,1791239615.755760708,1791239683.745768673,67.990,0,105808,1
6,AODV,Realistic,100,3,162226,1791239620.835241326,1791239709.942851264,89.108,0,109988,1
6,AODV,Realistic,100,4,162243,1791239621.447451902,1791239713.876309342,92.429,0,113224,1
6,AODV,Realistic,100,5,162260,1791239621.671226117,1791239701.063687793,79.392,0,108524,1
6,AODV,Realistic,50,1,162718,1791239805.284459127,1791239835.703338012,30.419,0,82368,1
6,AODV,Realistic,50,2,162735,1791239814.810440591,1791239843.976212421,29.166,0,82024,1
6,AODV,Realistic,50,3,162752,1791239818.769121924,1791239847.750459279,28.981,0,82252,1
6,AODV,Realistic,50,4,162769,1791239819.495730053,1791239848.591450068,29.096,0,82552,1
6,AODV,Realistic,50,5,162786,1791239821.087187357,1791239848.844101940,27.757,0,81500,1
6,AODV,RWP,100,1,162104,1791239538.461909720,1791239626.605175219,88.143,0,113820,1
6,AODV,RWP,100,2,162110,1791239538.464417238,1791239621.435172905,82.971,0,117684,1
6,AODV,RWP,100,3,162118,1791239538.466813283,1791239615.742364466,77.276,0,114420,1
6,AODV,RWP,100,4,162126,1791239538.469405397,1791239620.823155308,82.354,0,118152,1
6,AODV,RWP,100,5,162134,1791239538.471910977,1791239635.683165384,97.211,0,116692,1
6,AODV,RWP,50,1,162633,1791239796.392703751,1791239814.798311287,18.406,0,76496,1
6,AODV,RWP,50,2,162649,1791239796.457101250,1791239818.756989949,22.300,0,79436,1
6,AODV,RWP,50,3,162667,1791239799.037654876,1791239821.074996672,22.037,0,76616,1
6,AODV,RWP,50,4,162684,1791239800.792776434,1791239836.849274642,36.056,0,88604,1
6,AODV,RWP,50,5,162701,1791239801.412619265,1791239819.483163959,18.071,0,76388,1
6,DSDV,Realistic,100,1,162371,1791239701.075976607,1791239741.213200988,40.137,0,70728,1
6,DSDV,Realistic,100,2,162393,1791239709.953737929,1791239753.694033320,43.740,0,70800,1
6,DSDV,Realistic,100,3,162410,1791239713.888559004,1791239757.879925305,43.991,0,70456,1
6,DSDV,Realistic,100,4,162427,1791239740.255835552,1791239779.230500812,38.975,0,70828,1
6,DSDV,Realistic,100,5,162444,1791239741.225557534,1791239780.949571486,39.724,0,71220,1
6,DSDV,Realistic,50,1,162890,1791239848.603952266,1791239861.811310823,13.207,0,63140,1
6,DSDV,Realistic,50,2,162907,1791239848.856356082,1791239864.375393509,15.519,0,63076,1
6,DSDV,Realistic,50,3,162924,1791239849.769233852,1791239862.524302733,12.755,0,63020,1
6,DSDV,Realistic,50,4,162941,1791239859.495590994,1791239870.925039563,11.429,0,62812,1
6,DSDV,Realistic,50,5,162958,1791239859.769422000,1791239871.799327769,12.030,0,62968,1
6,DSDV,RWP,100,1,162277,1791239626.617489732,1791239685.600995176,58.984,0,70812,1
6,DSDV,RWP,100,2,162296,1791239635.695555545,1791239695.520149286,59.825,0,71228,1
6,DSDV,RWP,100,3,162316,1791239683.756728244,1791239740.243517306,56.487,0,70588,1
6,DSDV,RWP,100,4,162333,1791239685.613230423,1791239742.910204425,57.297,0,71604,1
6,DSDV,RWP,100,5,162353,1791239695.532140818,1791239752.479293196,56.947,0,71036,1
6,DSDV,RWP,50,1,162805,1791239835.715458853,1791239848.526211322,12.811,0,62488,1
6,DSDV,RWP,50,2,162822,1791239836.861303373,1791239849.757280578,12.896,0,62876,1
6,DSDV,RWP,50,3,162839,1791239843.987401178,1791239859.758596066,15.771,0,63212,1
6,DSDV,RWP,50,4,162856,1791239847.762563842,1791239861.477448455,13.715,0,62760,1
6,DSDV,RWP,50,5,162873,1791239848.538430939,1791239859.484868939,10.946,0,62484,1
6,OLSR,Realistic,100,1,162548,1791239779.242321248,1791239799.026819753,19.784,0,97888,1
6,OLSR,Realistic,100,2,162565,1791239780.027098307,1791239796.444748728,16.418,0,97960,1
6,OLSR,Realistic,100,3,162582,1791239780.864179901,1791239800.780560032,19.916,0,97232,1
6,OLSR,Realistic,100,4,162599,1791239780.961477485,1791239801.401842521,20.440,0,97876,1
6,OLSR,Realistic,100,5,162616,1791239785.316068422,1791239805.272274735,19.956,0,96840,1
6,OLSR,Realistic,50,1,163060,1791239870.937253141,1791239880.166333770,9.229,0,70536,1
6,OLSR,Realistic,50,2,163077,1791239871.810199405,1791239882.134674453,10.324,0,70784,1
6,OLSR,Realistic,50,3,163094,1791239872.242893189,1791239881.467509113,9.225,0,69744,1
6,OLSR,Realistic,50,4,163111,1791239873.299117087,1791239884.791468749,11.492,0,70448,1
6,OLSR,Realistic,50,5,163128,1791239874.748339266,1791239884.723418024,9.975,0,69036,1
6,OLSR,RWP,100,1,162461,1791239742.922557985,1791239770.665013008,27.742,0,153992,1
6,OLSR,RWP,100,2,162478,1791239752.491524285,1791239780.852246247,28.361,0,155644,1
6,OLSR,RWP,100,3,162495,1791239753.706118805,1791239780.015395011,26.309,0,146092,1
6,OLSR,RWP,100,4,162512,1791239757.892078653,1791239785.304533325,27.412,0,154592,1
6,OLSR,RWP,100,5,162531,1791239770.676978444,1791239796.379580116,25.703,0,142456,1
6,OLSR,RWP,50,1,162975,1791239861.489511701,1791239872.230803000,10.741,0,85796,1
6,OLSR,RWP,50,2,162992,1791239861.823552673,1791239870.523304294,8.700,0,83412,1
6,OLSR,RWP,50,3,163009,1791239862.536225585,1791239873.287086699,10.751,0,85904,1
6,OLSR,RWP,50,4,163026,1791239864.387588433,1791239874.738427433,10.351,0,86612,1
6,OLSR,RWP,50,5,163043,1791239870.535330774,1791239879.182280812,8.647,0,82488,1
