protocol,mobility,nNodes,seed,wallClockSec,peakRssKB,linkBreaks,avgNodeDegree
AODV,RWP,20,1,4.09,63808,3,11.2063
AODV,RWP,20,2,5.73,64968,2,11.5937
AODV,RWP,20,3,5.11,64780,3,11.4688
AODV,RWP,20,4,4.19,62920,1,12.0063
AODV,RWP,20,5,4.36,62300,1,11.0625
AODV,RWP,20,6,5.29,63736,6,11.5063
AODV,RWP,20,7,3.87,62204,8,11.5563
AODV,RWP,20,8,4.64,64028,2,11.3813
AODV,RWP,20,9,3.16,61020,1,11.7125
AODV,RWP,20,10,4.59,62824,6,12.1562
AODV,RWP,50,1,17.55,77684,14,17.44
AODV,RWP,50,2,19.59,80540,16,15.97
AODV,RWP,50,3,20.44,77412,12,19.225
AODV,RWP,50,4,33.44,89480,26,18.16
AODV,RWP,50,5,16.88,77636,18,15.6475
AODV,RWP,50,6,29.04,85572,22,17.555
AODV,RWP,50,7,26.39,85940,21,16.4325
AODV,RWP,50,8,20.31,81152,20,15.9275
AODV,RWP,50,9,29.99,87000,24,18.6625
AODV,RWP,50,10,26.69,84676,7,15.805
AODV,RWP,100,1,80.61,114760,61,18.8587
AODV,RWP,100,2,75.02,118788,51,20.4913
AODV,RWP,100,3,66.99,115656,55,18.1188
AODV,RWP,100,4,74.67,119116,52,19.105
AODV,RWP,100,5,87.09,117648,79,18.14
AODV,RWP,100,6,72.0,117844,49,19.0325
AODV,RWP,100,7,63.08,110348,59,17.0275
AODV,RWP,100,8,56.72,112348,50,18.75
AODV,RWP,100,9,78.32,116244,54,19.6587
AODV,RWP,100,10,60.25,114300,56,18.0412
AODV,Realistic,20,1,4.53,64264,87,12.9625
AODV,Realistic,20,2,3.42,63292,87,12.9625
AODV,Realistic,20,3,5.24,63876,87,12.9625
AODV,Realistic,20,4,5.24,64428,87,12.9625
AODV,Realistic,20,5,4.74,64428,87,12.9625
AODV,Realistic,20,6,4.44,63224,87,12.9625
AODV,Realistic,20,7,4.97,63968,87,12.9625
AODV,Realistic,20,8,5.67,65028,87,12.9625
AODV,Realistic,20,9,4.5,64212,87,12.9625
AODV,Realistic,20,10,3.36,63260,87,12.9625
AODV,Realistic,50,1,28.08,83332,279,16.87
AODV,Realistic,50,2,26.81,82996,279,16.87
AODV,Realistic,50,3,26.46,82984,279,16.87
AODV,Realistic,50,4,26.3,83140,279,16.87
AODV,Realistic,50,5,25.52,82508,279,16.87
AODV,Realistic,50,6,34.41,84820,279,16.87
AODV,Realistic,50,7,27.62,84000,279,16.87
AODV,Realistic,50,8,32.7,84104,279,16.87
AODV,Realistic,50,9,28.38,81748,279,16.87
AODV,Realistic,50,10,26.49,83036,279,16.87
AODV,Realistic,100,1,75.53,108636,599,18.1725
AODV,Realistic,100,2,61.1,106792,599,18.1725
AODV,Realistic,100,3,74.95,110704,599,18.1725
AODV,Realistic,100,4,84.64,114344,599,18.1725
AODV,Realistic,100,5,71.06,109316,599,18.1725
AODV,Realistic,100,6,81.53,109036,599,18.1725
AODV,Realistic,100,7,60.3,105156,599,18.1725
AODV,Realistic,100,8,75.6,110064,599,18.1725
AODV,Realistic,100,9,81.66,109392,599,18.1725
AODV,Realistic,100,10,71.89,110840,599,18.1725
OLSR,RWP,20,1,2.8,62852,3,11.2063
OLSR,RWP,20,2,3.65,63232,2,11.5937
OLSR,RWP,20,3,3.3,63904,3,11.4688
OLSR,RWP,20,4,3.33,63108,1,12.0063
OLSR,RWP,20,5,3.53,63228,1,11.0625
OLSR,RWP,20,6,2.78,63004,6,11.5063
OLSR,RWP,20,7,2.78,62420,8,11.5563
OLSR,RWP,20,8,3.46,63544,2,11.3813
OLSR,RWP,20,9,2.7,62844,1,11.7125
OLSR,RWP,20,10,2.53,63288,6,12.1562
OLSR,RWP,50,1,10.23,86736,14,17.44
OLSR,RWP,50,2,8.46,84324,16,15.97
OLSR,RWP,50,3,10.28,86896,12,19.225
OLSR,RWP,50,4,9.76,87444,26,18.16
OLSR,RWP,50,5,8.27,83444,18,15.6475
OLSR,RWP,50,6,9.62,87564,22,17.555
OLSR,RWP,50,7,9.21,83096,21,16.4325
OLSR,RWP,50,8,8.37,83236,20,15.9275
OLSR,RWP,50,9,9.5,87876,24,18.6625
OLSR,RWP,50,10,8.71,84556,7,15.805
OLSR,RWP,100,1,25.97,154788,61,18.8587
OLSR,RWP,100,2,26.97,156904,51,20.4913
OLSR,RWP,100,3,23.43,147020,55,18.1188
OLSR,RWP,100,4,25.82,155940,52,19.105
OLSR,RWP,100,5,23.32,143172,79,18.14
OLSR,RWP,100,6,25.57,145448,49,19.0325
OLSR,RWP,100,7,22.75,142400,59,17.0275
OLSR,RWP,100,8,24.13,147840,50,18.75
OLSR,RWP,100,9,26.57,150576,54,19.6587
OLSR,RWP,100,10,23.85,150344,56,18.0412
OLSR,Realistic,20,1,3.3,61356,87,12.9625
OLSR,Realistic,20,2,2.83,61844,87,12.9625
OLSR,Realistic,20,3,3.3,61840,87,12.9625
OLSR,Realistic,20,4,3.05,61608,87,12.9625
OLSR,Realistic,20,5,2.96,61672,87,12.9625
OLSR,Realistic,20,6,2.86,61940,87,12.9625
OLSR,Realistic,20,7,3.35,61936,87,12.9625
OLSR,Realistic,20,8,2.99,61828,87,12.9625
OLSR,Realistic,20,9,2.68,61688,87,12.9625
OLSR,Realistic,20,10,2.52,61688,87,12.9625
OLSR,Realistic,50,1,8.56,71332,279,16.87
OLSR,Realistic,50,2,9.64,71684,279,16.87
OLSR,Realistic,50,3,8.61,70968,279,16.87
OLSR,Realistic,50,4,11.21,71380,279,16.87
OLSR,Realistic,50,5,9.64,70120,279,16.87
OLSR,Realistic,50,6,9.85,72260,279,16.87
OLSR,Realistic,50,7,9.41,71940,279,16.87
OLSR,Realistic,50,8,8.61,71136,279,16.87
OLSR,Realistic,50,9,9.92,71416,279,16.87
OLSR,Realistic,50,10,8.19,71384,279,16.87
OLSR,Realistic,100,1,18.6,98888,599,18.1725
OLSR,Realistic,100,2,15.05,98912,599,18.1725
OLSR,Realistic,100,3,18.51,98228,599,18.1725
OLSR,Realistic,100,4,18.59,98868,599,18.1725
OLSR,Realistic,100,5,18.49,97792,599,18.1725
OLSR,Realistic,100,6,15.17,99440,599,18.1725
OLSR,Realistic,100,7,18.42,97604,599,18.1725
OLSR,Realistic,100,8,17.57,98200,599,18.1725
OLSR,Realistic,100,9,16.96,96472,599,18.1725
OLSR,Realistic,100,10,16.95,99436,599,18.1725
DSDV,RWP,20,1,3.61,60440,3,11.2063
DSDV,RWP,20,2,4.78,60564,2,11.5937
DSDV,RWP,20,3,3.32,60372,3,11.4688
DSDV,RWP,20,4,3.14,60084,1,12.0063
DSDV,RWP,20,5,3.72,60124,1,11.0625
DSDV,RWP,20,6,5.47,59976,6,11.5063
DSDV,RWP,20,7,3.39,60100,8,11.5563
DSDV,RWP,20,8,3.5,60416,2,11.3813
DSDV,RWP,20,9,2.93,59952,1,11.7125
DSDV,RWP,20,10,3.3,60160,6,12.1562
DSDV,RWP,50,1,11.95,63800,14,17.44
DSDV,RWP,50,2,11.85,63568,16,15.97
DSDV,RWP,50,3,13.66,64332,12,19.225
DSDV,RWP,50,4,12.49,63860,26,18.16
DSDV,RWP,50,5,10.16,63456,18,15.6475
DSDV,RWP,50,6,12.04,64308,22,17.555
DSDV,RWP,50,7,12.93,64036,21,16.4325
DSDV,RWP,50,8,9.99,63716,20,15.9275
DSDV,RWP,50,9,12.44,63712,24,18.6625
DSDV,RWP,50,10,10.64,63996,7,15.805
DSDV,RWP,100,1,50.92,71848,61,18.8587
DSDV,RWP,100,2,49.81,72244,51,20.4913
DSDV,RWP,100,3,47.66,70976,55,18.1188
DSDV,RWP,100,4,50.56,72420,52,19.105
DSDV,RWP,100,5,48.95,72120,79,18.14
DSDV,RWP,100,6,46.97,71812,49,19.0325
DSDV,RWP,100,7,46.17,72472,59,17.0275
DSDV,RWP,100,8,44.45,71192,50,18.75
DSDV,RWP,100,9,48.57,71476,54,19.6587
DSDV,RWP,100,10,43.15,71156,56,18.0412
DSDV,Realistic,20,1,2.99,59852,87,12.9625
DSDV,Realistic,20,2,2.77,59936,87,12.9625
DSDV,Realistic,20,3,3.33,60440,87,12.9625
DSDV,Realistic,20,4,3.27,59964,87,12.9625
DSDV,Realistic,20,5,2.82,60036,87,12.9625
DSDV,Realistic,20,6,2.92,59900,87,12.9625
DSDV,Realistic,20,7,2.58,59920,87,12.9625
DSDV,Realistic,20,8,3.5,60128,87,12.9625
DSDV,Realistic,20,9,2.61,60152,87,12.9625
DSDV,Realistic,20,10,2.52,60032,87,12.9625
DSDV,Realistic,50,1,11.42,64096,279,16.87
DSDV,Realistic,50,2,14.43,64168,279,16.87
DSDV,Realistic,50,3,11.87,64224,279,16.87
DSDV,Realistic,50,4,10.14,63988,279,16.87
DSDV,Realistic,50,5,10.55,64088,279,16.87
DSDV,Realistic,50,6,13.06,64220,279,16.87
DSDV,Realistic,50,7,13.45,64244,279,16.87
DSDV,Realistic,50,8,12.13,64004,279,16.87
DSDV,Realistic,50,9,12.7,64296,279,16.87
DSDV,Realistic,50,10,11.71,63788,279,16.87
DSDV,Realistic,100,1,35.67,71868,599,18.1725
DSDV,Realistic,100,2,36.96,71776,599,18.1725
DSDV,Realistic,100,3,39.65,71728,599,18.1725
DSDV,Realistic,100,4,34.95,71916,599,18.1725
DSDV,Realistic,100,5,34.96,72056,599,18.1725
DSDV,Realistic,100,6,35.47,71948,599,18.1725
DSDV,Realistic,100,7,36.99,72424,599,18.1725
DSDV,Realistic,100,8,32.99,72040,599,18.1725
DSDV,Realistic,100,9,33.25,71676,599,18.1725
DSDV,Realistic,100,10,30.55,71920,599,18.1725
AODV,RWP,5,1,0.47,58588,0,3.45
AODV,RWP,5,2,0.63,58428,0,3.475
AODV,RWP,5,3,0.6,58524,0,3.25
AODV,RWP,5,4,0.62,58648,0,3.65
AODV,RWP,5,5,0.61,58380,1,3.4
AODV,RWP,5,6,0.58,58356,0,3.45
AODV,RWP,5,7,0.57,58620,0,3.3
AODV,RWP,5,8,0.61,58572,0,3.45
AODV,RWP,5,9,0.57,58236,0,3.95
AODV,RWP,5,10,0.51,58504,0,3.25
AODV,RWP,10,1,1.35,59132,1,6.4625
AODV,RWP,10,2,1.35,59928,1,7.0375
AODV,RWP,10,3,1.48,59480,0,8.1875
AODV,RWP,10,4,1.52,59084,1,7.4
AODV,RWP,10,5,1.41,59776,1,6.5375
AODV,RWP,10,6,1.72,59692,2,7.5
AODV,RWP,10,7,1.4,59364,1,7.15
AODV,RWP,10,8,1.21,59116,1,7.1125
AODV,RWP,10,9,1.43,59588,0,6.375
AODV,RWP,10,10,1.36,58784,0,6.7375
OLSR,RWP,5,1,0.56,58392,0,3.45
OLSR,RWP,5,2,0.58,58508,0,3.475
OLSR,RWP,5,3,0.58,58340,0,3.25
OLSR,RWP,5,4,0.6,58576,0,3.65
OLSR,RWP,5,5,0.59,58528,1,3.4
OLSR,RWP,5,6,0.54,58436,0,3.45
OLSR,RWP,5,7,0.54,58584,0,3.3
OLSR,RWP,5,8,0.57,58512,0,3.45
OLSR,RWP,5,9,0.56,58540,0,3.95
OLSR,RWP,5,10,0.44,58528,0,3.25
OLSR,RWP,10,1,1.25,59348,1,6.4625
OLSR,RWP,10,2,1.26,59400,1,7.0375
OLSR,RWP,10,3,1.51,59420,0,8.1875
OLSR,RWP,10,4,1.48,59200,1,7.4
OLSR,RWP,10,5,1.19,59396,1,6.5375
OLSR,RWP,10,6,1.29,59388,2,7.5
OLSR,RWP,10,7,1.22,59408,1,7.15
OLSR,RWP,10,8,1.12,59308,1,7.1125
OLSR,RWP,10,9,1.29,59364,0,6.375
OLSR,RWP,10,10,1.36,59108,0,6.7375
DSDV,RWP,5,1,0.58,58580,0,3.45
DSDV,RWP,5,2,0.55,58356,0,3.475
DSDV,RWP,5,3,0.64,58588,0,3.25
DSDV,RWP,5,4,0.58,58576,0,3.65
DSDV,RWP,5,5,0.58,58516,1,3.4
DSDV,RWP,5,6,0.54,58496,0,3.45
DSDV,RWP,5,7,0.5,58420,0,3.3
DSDV,RWP,5,8,0.53,58656,0,3.45
DSDV,RWP,5,9,0.57,58436,0,3.95
DSDV,RWP,5,10,0.5,58780,0,3.25
DSDV,RWP,10,1,1.18,59228,1,6.4625
DSDV,RWP,10,2,1.53,59136,1,7.0375
DSDV,RWP,10,3,1.24,58832,0,8.1875
DSDV,RWP,10,4,1.49,59012,1,7.4
DSDV,RWP,10,5,1.09,59268,1,6.5375
DSDV,RWP,10,6,1.53,59088,2,7.5
DSDV,RWP,10,7,1.5,59036,1,7.15
DSDV,RWP,10,8,1.22,58968,1,7.1125
DSDV,RWP,10,9,1.32,58852,0,6.375
DSDV,RWP,10,10,1.35,58816,0,6.7375
AODV,Realistic,5,1,2.01,57212,6,3.175
AODV,Realistic,5,2,1.33,57692,6,3.175
AODV,Realistic,5,3,1.43,57832,6,3.175
AODV,Realistic,5,4,1.18,57676,6,3.175
AODV,Realistic,5,5,1.36,57660,6,3.175
AODV,Realistic,5,6,1.34,57712,6,3.175
AODV,Realistic,5,7,1.31,57564,6,3.175
AODV,Realistic,5,8,1.41,57632,6,3.175
AODV,Realistic,5,9,1.12,57500,6,3.175
AODV,Realistic,5,10,1.4,57632,6,3.175
AODV,Realistic,10,1,2.05,58364,25,7.1875
AODV,Realistic,10,2,1.83,57960,25,7.1875
AODV,Realistic,10,3,1.98,57868,25,7.1875
AODV,Realistic,10,4,1.8,58344,25,7.1875
AODV,Realistic,10,5,1.9,58184,25,7.1875
AODV,Realistic,10,6,2.03,58556,25,7.1875
AODV,Realistic,10,7,2.14,58744,25,7.1875
AODV,Realistic,10,8,1.89,57984,25,7.1875
AODV,Realistic,10,9,2.03,58040,25,7.1875
AODV,Realistic,10,10,1.86,58096,25,7.1875
OLSR,Realistic,5,1,1.33,57412,6,3.175
OLSR,Realistic,5,2,1.24,57488,6,3.175
OLSR,Realistic,5,3,1.28,57684,6,3.175
OLSR,Realistic,5,4,0.99,57404,6,3.175
OLSR,Realistic,5,5,1.27,57380,6,3.175
OLSR,Realistic,5,6,1.01,57620,6,3.175
OLSR,Realistic,5,7,1.25,57644,6,3.175
OLSR,Realistic,5,8,1.0,57520,6,3.175
OLSR,Realistic,5,9,1.04,57548,6,3.175
OLSR,Realistic,5,10,1.05,57720,6,3.175
OLSR,Realistic,10,1,1.93,58236,25,7.1875
OLSR,Realistic,10,2,1.77,58496,25,7.1875
OLSR,Realistic,10,3,1.9,58472,25,7.1875
OLSR,Realistic,10,4,1.92,58428,25,7.1875
OLSR,Realistic,10,5,1.75,58188,25,7.1875
OLSR,Realistic,10,6,1.8,58456,25,7.1875
OLSR,Realistic,10,7,1.87,58348,25,7.1875
OLSR,Realistic,10,8,1.74,58188,25,7.1875
OLSR,Realistic,10,9,1.75,58536,25,7.1875
OLSR,Realistic,10,10,1.8,58396,25,7.1875
DSDV,Realistic,5,1,1.31,57444,6,3.175
DSDV,Realistic,5,2,1.12,57728,6,3.175
DSDV,Realistic,5,3,1.22,57656,6,3.175
DSDV,Realistic,5,4,1.02,57624,6,3.175
DSDV,Realistic,5,5,1.35,57472,6,3.175
DSDV,Realistic,5,6,1.24,57640,6,3.175
DSDV,Realistic,5,7,1.28,57568,6,3.175
DSDV,Realistic,5,8,1.07,57600,6,3.175
DSDV,Realistic,5,9,1.34,57652,6,3.175
DSDV,Realistic,5,10,1.4,57652,6,3.175
DSDV,Realistic,10,1,1.89,57956,25,7.1875
DSDV,Realistic,10,2,1.51,57828,25,7.1875
DSDV,Realistic,10,3,1.92,58012,25,7.1875
DSDV,Realistic,10,4,1.68,58016,25,7.1875
DSDV,Realistic,10,5,1.73,58064,25,7.1875
DSDV,Realistic,10,6,1.7,57868,25,7.1875
DSDV,Realistic,10,7,1.84,58152,25,7.1875
DSDV,Realistic,10,8,1.77,58124,25,7.1875
DSDV,Realistic,10,9,2.02,57972,25,7.1875
DSDV,Realistic,10,10,1.94,58108,25,7.1875
