AODV,RWP,5,49.7908,1.51198,478,238,0,1,3.45,25.6
AODV,RWP,5,100,3.8764,481,481,0,1.19127,3.475,25.8
AODV,RWP,5,100,3.03653,482,482,0,1.17012,3.25,24
AODV,RWP,5,100,4.10355,484,484,0,1.02066,3.65,27.2
AODV,RWP,5,100,4.33952,484,484,1,1.12397,3.4,22.9091
AODV,RWP,5,100,2.99182,478,478,0,1,3.45,25.6
AODV,RWP,5,100,2.73729,478,478,0,1,3.3,24.4
AODV,RWP,5,100,4.00245,478,478,0,1,3.45,25.6
AODV,RWP,5,100,3.13956,478,478,0,1,3.95,29.6
AODV,RWP,5,55.8522,10.0826,487,272,0,1.43015,3.25,24
AODV,RWP,10,84.9624,8.62376,1197,1017,1,1.24779,6.4625,20.5217
AODV,RWP,10,63.9937,15.0048,1272,814,1,1.27396,7.0375,22.5217
AODV,RWP,10,84.5395,12.5148,1216,1028,0,1.05837,8.1875,27.1111
AODV,RWP,10,90.1163,6.16956,1204,1085,1,1.01843,7.4,23.7826
AODV,RWP,10,85.8421,121.192,1229,1055,1,1.18768,6.5375,20.7826
AODV,RWP,10,82.6923,21.9029,1352,1118,2,1.19052,7.5,23.617
AODV,RWP,10,79.4893,18.3841,1214,965,1,1.1399,7.15,22.913
AODV,RWP,10,80.4959,4.82245,1210,974,1,1.06776,7.1125,22.7826
AODV,RWP,10,99.8357,17.3568,1217,1215,0,1.00988,6.375,20.6667
AODV,RWP,10,80.2698,6.18448,1186,952,0,1.15756,6.7375,21.9556
AODV,RWP,20,67.5446,49.368,2468,1667,3,1.46131,11.2063,18.4091
AODV,RWP,20,77.7935,64.7907,2828,2200,2,1.40455,11.5937,18.9831
AODV,RWP,20,73.9177,59.2944,2772,2049,3,1.60371,11.4688,18.1978
AODV,RWP,20,76.1161,38.8179,2240,1705,1,1.24927,12.0063,18.1257
AODV,RWP,20,94.9537,32.7214,2160,2051,1,1.42321,11.0625,16.5445
AODV,RWP,20,78.9105,70.322,2570,2028,6,1.76972,11.5063,20.5244
AODV,RWP,20,80.5385,29.5367,2117,1705,8,1.55308,11.5563,19.9763
AODV,RWP,20,68.1652,60.0024,2736,1865,2,1.6252,11.3813,18.7159
AODV,RWP,20,88.5802,19.5938,1944,1722,1,1.08188,11.7125,19.6763
AODV,RWP,20,84.5158,35.5999,2241,1894,6,1.40813,12.1562,18.8663
AODV,RWP,50,83.7899,86.4438,4855,4068,14,1.32743,17.44,15.6293
AODV,RWP,50,87.7653,89.0603,5607,4921,16,1.38773,15.97,15.6906
AODV,RWP,50,89.2308,80.224,4485,4002,12,1.63693,19.225,16.8543
AODV,RWP,50,87.5725,104.423,8449,7399,26,1.28761,18.16,16.6684
AODV,RWP,50,90.1636,113.761,4341,3914,18,1.31145,15.6475,17.1081
AODV,RWP,50,86.0753,84.8459,7914,6812,22,1.3259,17.555,15.1596
AODV,RWP,50,86.6125,99.6795,7380,6392,21,1.38204,16.4325,16.0164
AODV,RWP,50,86.7809,96.1833,5893,5114,20,1.38893,15.9275,17.5743
AODV,RWP,50,88.1205,93.1245,7736,6817,24,1.22004,18.6625,16.1112
AODV,RWP,50,85.4211,85.1151,8039,6867,7,1.36057,15.805,15.7035
AODV,RWP,100,87.5504,87.6555,18595,16280,61,1.22967,18.8587,16.9468
AODV,RWP,100,86.7622,112.797,15569,13508,51,1.31596,20.4913,16.518
AODV,RWP,100,87.8044,127.388,14620,12837,55,1.25224,18.1188,18.3782
AODV,RWP,100,85.8904,103.661,16223,13934,52,1.24178,19.105,17.5737
AODV,RWP,100,89.5569,69.8809,22455,20110,79,1.15639,18.14,18.4213
AODV,RWP,100,86.8449,104.076,15226,13223,49,1.21198,19.0325,17.8119
AODV,RWP,100,86.1049,96.5492,12508,10770,59,1.30771,17.0275,16.3638
AODV,RWP,100,85.918,115.177,11852,10183,50,1.21065,18.75,17.4319
AODV,RWP,100,89.1342,82.5814,18885,16833,54,1.16848,19.6587,16.8994
AODV,RWP,100,85.6796,107.179,13610,11661,56,1.2143,18.0412,16.8047
AODV,Realistic,5,74.898,6.10258,490,367,6,1.53951,3.175,24.6
AODV,Realistic,5,97.7413,15.4034,487,476,6,1.42227,3.175,24.6
AODV,Realistic,5,98.996,5.21934,498,493,6,1.42799,3.175,24.6
AODV,Realistic,5,99.1853,5.23417,491,487,6,1.43121,3.175,24.6
AODV,Realistic,5,99.3878,9.43244,490,487,6,1.43121,3.175,24.6
AODV,Realistic,5,99.3878,5.43778,490,487,6,1.43121,3.175,24.6
AODV,Realistic,5,99.2016,5.18701,501,497,6,1.42656,3.175,24.6
AODV,Realistic,5,98.8024,6.98031,501,495,6,1.42828,3.175,24.6
AODV,Realistic,5,99.5868,4.93962,484,482,6,1.43568,3.175,24.6
AODV,Realistic,5,98.768,6.55123,487,481,6,1.43035,3.175,24.6
AODV,Realistic,10,100,4.97716,1180,1180,25,1,7.1875,24.6667
AODV,Realistic,10,80,4.41899,1180,944,25,1,7.1875,24.6667
AODV,Realistic,10,100,4.99594,1180,1180,25,1,7.1875,24.6667
AODV,Realistic,10,99.7483,6.64613,1192,1189,25,1.00168,7.1875,24.6667
AODV,Realistic,10,79.8305,4.50737,1180,942,25,1,7.1875,24.6667
AODV,Realistic,10,99.3361,26.2055,1205,1197,25,1.01086,7.1875,24.6667
AODV,Realistic,10,99.9199,15.4562,1249,1248,25,1.00401,7.1875,24.6667
AODV,Realistic,10,80,4.38449,1180,944,25,1,7.1875,24.6667
AODV,Realistic,10,100,4.95622,1180,1180,25,1,7.1875,24.6667
AODV,Realistic,10,80.1695,4.11641,1180,946,25,1,7.1875,24.6667
AODV,Realistic,20,84.7337,51.752,2666,2259,87,1.11465,12.9625,23.574
AODV,Realistic,20,77.1878,54.4113,2354,1817,87,1.03082,12.9625,23.574
AODV,Realistic,20,94.6494,35.5017,2710,2565,87,1.12904,12.9625,23.574
AODV,Realistic,20,89.8385,47.6771,2972,2670,87,1.09513,12.9625,23.574
AODV,Realistic,20,85.9948,50.8495,2699,2321,87,1.10814,12.9625,23.574
AODV,Realistic,20,93.517,50.5154,2468,2308,87,1.13562,12.9625,23.574
AODV,Realistic,20,94.7066,47.4119,2607,2469,87,1.10409,12.9625,23.574
AODV,Realistic,20,91.4227,43.4936,2938,2686,87,1.11467,12.9625,23.574
AODV,Realistic,20,86.4063,68.7447,2663,2301,87,1.09909,12.9625,23.574
AODV,Realistic,20,67.8571,50.8708,2296,1558,87,1.0828,12.9625,23.574
AODV,Realistic,50,82.4078,65.4951,9112,7509,279,1.33307,16.87,22.613
AODV,Realistic,50,77.7222,74.7527,8798,6838,279,1.25241,16.87,22.613
AODV,Realistic,50,80.2016,72.5897,8829,7081,279,1.31394,16.87,22.613
AODV,Realistic,50,79.5209,70.2909,8892,7071,279,1.29996,16.87,22.613
AODV,Realistic,50,79.6124,68.75,8152,6490,279,1.32696,16.87,22.613
AODV,Realistic,50,84.5912,64.5765,11766,9953,279,1.28554,16.87,22.613
AODV,Realistic,50,78.4886,79.3303,9567,7509,279,1.2196,16.87,22.613
AODV,Realistic,50,84.6355,58.6779,11455,9695,279,1.23651,16.87,22.613
AODV,Realistic,50,83.1803,50.9612,9364,7789,279,1.29092,16.87,22.613
AODV,Realistic,50,78.6702,73.999,8392,6602,279,1.36413,16.87,22.613
AODV,Realistic,100,83.8774,53.9452,20710,17371,599,1.15048,18.1725,22.3948
AODV,Realistic,100,82.4553,64.7407,16894,13930,599,1.23223,18.1725,22.3948
AODV,Realistic,100,83.5942,55.4822,20572,17197,599,1.14648,18.1725,22.3948
AODV,Realistic,100,86.5009,62.4409,22683,19621,599,1.22634,18.1725,22.3948
AODV,Realistic,100,85.9267,51.9871,20443,17566,599,1.16993,18.1725,22.3948
AODV,Realistic,100,87.2486,44.6965,24609,21471,599,1.15188,18.1725,22.3948
AODV,Realistic,100,84.1697,58.7403,15325,12899,599,1.27235,18.1725,22.3948
AODV,Realistic,100,86.5518,47.758,22122,19147,599,1.16379,18.1725,22.3948
AODV,Realistic,100,85.9123,43.8754,24525,21070,599,1.16796,18.1725,22.3948
AODV,Realistic,100,83.9586,57.0136,19537,16403,599,1.15698,18.1725,22.3948
OLSR,RWP,5,100,3.12641,478,478,0,1.04603,3.45,25.6
OLSR,RWP,5,95.5947,3.79983,454,434,0,1.18433,3.475,25.8
OLSR,RWP,5,100,3.09598,478,478,0,1.21339,3.25,24
OLSR,RWP,5,100,4.26526,478,478,0,1.09414,3.65,27.2
OLSR,RWP,5,100,4.42522,478,478,1,1.16736,3.4,22.9091
OLSR,RWP,5,100,3.00029,478,478,0,1,3.45,25.6
OLSR,RWP,5,100,2.72581,478,478,0,1,3.3,24.4
OLSR,RWP,5,100,3.99651,477,477,0,1,3.45,25.6
OLSR,RWP,5,100,3.11757,478,478,0,1,3.95,29.6
OLSR,RWP,5,52.2892,2.0424,415,217,0,1.27189,3.25,24
OLSR,RWP,10,100,4.86515,1020,1020,1,1.11275,6.4625,20.5217
OLSR,RWP,10,63.3815,7.1136,1177,746,1,1.2815,7.0375,22.5217
OLSR,RWP,10,97.2034,7.11176,1180,1147,0,1.03749,8.1875,27.1111
OLSR,RWP,10,91.4407,6.90317,1180,1079,1,1.10195,7.4,23.7826
OLSR,RWP,10,93.2532,5.41762,1082,1009,1,1,6.5375,20.7826
OLSR,RWP,10,71.5146,12.3728,1162,831,2,1.14922,7.5,23.617
OLSR,RWP,10,68.7288,5.75823,1180,811,1,1.21702,7.15,22.913
OLSR,RWP,10,79.62,4.2941,1158,922,1,1.04121,7.1125,22.7826
OLSR,RWP,10,100,5.72939,1180,1180,0,1,6.375,20.6667
OLSR,RWP,10,93.5319,5.98813,1175,1099,0,1.08917,6.7375,21.9556
OLSR,RWP,20,57.2848,16.7171,1812,1038,3,1.47495,11.2063,18.4091
OLSR,RWP,20,60.7886,38.0184,1826,1110,2,1.58018,11.5937,18.9831
OLSR,RWP,20,62.8025,31.5587,1777,1116,3,1.47312,11.4688,18.1978
OLSR,RWP,20,86.7213,13.6695,1830,1587,1,1.28355,12.0063,18.1257
OLSR,RWP,20,91.4395,27.815,1834,1677,1,1.36196,11.0625,16.5445
OLSR,RWP,20,44.4566,47.0024,1831,814,6,1.77887,11.5063,20.5244
OLSR,RWP,20,70.2703,9.5705,1850,1300,8,1.13231,11.5563,19.9763
OLSR,RWP,20,62.73,28.6464,1685,1057,2,1.85714,11.3813,18.7159
OLSR,RWP,20,74.2965,7.20366,1848,1373,1,1.10051,11.7125,19.6763
OLSR,RWP,20,49.2432,24.0006,1850,911,6,1.42371,12.1562,18.8663
OLSR,RWP,50,82.7987,49.2731,1808,1497,14,1.6012,17.44,15.6293
OLSR,RWP,50,72.9517,23.8584,1782,1300,16,1.87615,15.97,15.6906
OLSR,RWP,50,70.3433,51.5049,1777,1250,12,2.1616,19.225,16.8543
OLSR,RWP,50,71.9774,23.3214,1770,1274,26,1.88069,18.16,16.6684
OLSR,RWP,50,85.7222,34.1924,1800,1543,18,1.46144,15.6475,17.1081
OLSR,RWP,50,64.2774,77.5587,1716,1103,22,2.05802,17.555,15.1596
OLSR,RWP,50,70.336,64.4769,1726,1214,21,1.92586,16.4325,16.0164
OLSR,RWP,50,73.2519,48.8089,1802,1320,20,1.90303,15.9275,17.5743
OLSR,RWP,50,75.3348,60.7131,1792,1350,24,1.64074,18.6625,16.1112
OLSR,RWP,50,72.0112,37.2227,1790,1289,7,2.08844,15.805,15.7035
OLSR,RWP,100,55.0459,53.649,1744,960,61,2.78437,18.8587,16.9468
OLSR,RWP,100,64.3459,57.2984,1781,1146,51,2.72513,20.4913,16.518
OLSR,RWP,100,68.8813,34.2077,1761,1213,55,2.90519,18.1188,18.3782
OLSR,RWP,100,59.5732,62.8218,1734,1033,52,2.96515,19.105,17.5737
OLSR,RWP,100,62.4497,65.1743,1739,1086,79,2.67956,18.14,18.4213
OLSR,RWP,100,71.5087,37.2218,1783,1275,49,2.77647,19.0325,17.8119
OLSR,RWP,100,65.245,75.5171,1735,1132,59,2.78799,17.0275,16.3638
OLSR,RWP,100,82.0413,25.2838,1793,1471,50,1.97893,18.75,17.4319
OLSR,RWP,100,66.2953,56.1704,1795,1190,54,2.54874,19.6587,16.8994
OLSR,RWP,100,76.3128,72.2714,1752,1337,56,2.46971,18.0412,16.8047
OLSR,Realistic,5,71.9665,3.86505,478,344,6,1.22093,3.175,24.6
OLSR,Realistic,5,71.9665,3.7161,478,344,6,1.22093,3.175,24.6
OLSR,Realistic,5,64.2259,2.6087,478,307,6,1.12704,3.175,24.6
OLSR,Realistic,5,63.5983,2.51711,478,304,6,1.11842,3.175,24.6
OLSR,Realistic,5,64.0167,2.60454,478,306,6,1.12418,3.175,24.6
OLSR,Realistic,5,64.2259,2.61376,478,307,6,1.12704,3.175,24.6
OLSR,Realistic,5,63.5983,2.55121,478,304,6,1.11842,3.175,24.6
OLSR,Realistic,5,64.2259,2.59346,478,307,6,1.12704,3.175,24.6
OLSR,Realistic,5,75.1046,4.174,478,359,6,1.25348,3.175,24.6
OLSR,Realistic,5,59.8326,2.45839,478,286,6,1.06294,3.175,24.6
OLSR,Realistic,10,100,5.00298,1180,1180,25,1,7.1875,24.6667
OLSR,Realistic,10,80,4.40868,1180,944,25,1,7.1875,24.6667
OLSR,Realistic,10,100,5.00587,1180,1180,25,1,7.1875,24.6667
OLSR,Realistic,10,100,4.95714,1180,1180,25,1,7.1875,24.6667
OLSR,Realistic,10,79.8305,4.49083,1180,942,25,1,7.1875,24.6667
OLSR,Realistic,10,100,4.94663,1180,1180,25,1,7.1875,24.6667
OLSR,Realistic,10,100,4.88718,1180,1180,25,1,7.1875,24.6667
OLSR,Realistic,10,80,4.42402,1180,944,25,1,7.1875,24.6667
OLSR,Realistic,10,100,4.94875,1180,1180,25,1,7.1875,24.6667
OLSR,Realistic,10,80.1695,4.10529,1180,946,25,1,7.1875,24.6667
OLSR,Realistic,20,96.2446,10.349,1864,1794,87,1,12.9625,23.574
OLSR,Realistic,20,86.2661,8.06156,1864,1608,87,1,12.9625,23.574
OLSR,Realistic,20,96.6738,10.3386,1864,1802,87,1,12.9625,23.574
OLSR,Realistic,20,84.7103,9.65688,1864,1579,87,1,12.9625,23.574
OLSR,Realistic,20,84.8176,9.32634,1864,1581,87,1,12.9625,23.574
OLSR,Realistic,20,86.588,8.23707,1864,1614,87,1,12.9625,23.574
OLSR,Realistic,20,97.4249,10.6555,1864,1816,87,1,12.9625,23.574
OLSR,Realistic,20,84.5494,9.41273,1864,1576,87,1,12.9625,23.574
OLSR,Realistic,20,74.3026,8.10363,1864,1385,87,1,12.9625,23.574
OLSR,Realistic,20,74.6781,6.68269,1864,1392,87,1,12.9625,23.574
OLSR,Realistic,50,28.2992,108.772,1417,401,279,3.0798,16.87,22.613
OLSR,Realistic,50,42.398,59.4544,1618,686,279,3.00729,16.87,22.613
OLSR,Realistic,50,34.9475,55.5606,1714,599,279,3.01836,16.87,22.613
OLSR,Realistic,50,34.6154,116.988,1586,549,279,3.11111,16.87,22.613
OLSR,Realistic,50,35.867,94.8828,1684,604,279,3.06623,16.87,22.613
OLSR,Realistic,50,27.8324,110.712,1527,425,279,3.13882,16.87,22.613
OLSR,Realistic,50,40.22,46.2681,1636,658,279,3.00152,16.87,22.613
OLSR,Realistic,50,17.9151,65.0956,1602,287,279,3.06969,16.87,22.613
OLSR,Realistic,50,22.8388,54.6967,1712,391,279,3.04348,16.87,22.613
OLSR,Realistic,50,33.8958,16.2098,1363,462,279,3.08009,16.87,22.613
OLSR,Realistic,100,21.9368,95.6582,1518,333,599,5.07808,18.1725,22.3948
OLSR,Realistic,100,17.0685,118.118,1037,177,599,5.37853,18.1725,22.3948
OLSR,Realistic,100,24.8588,88.7158,1239,308,599,5.27597,18.1725,22.3948
OLSR,Realistic,100,20.4413,93.4519,1541,315,599,5.28889,18.1725,22.3948
OLSR,Realistic,100,25.5928,63.6266,1223,313,599,5.16294,18.1725,22.3948
OLSR,Realistic,100,32.2699,86.3032,815,263,599,5.327,18.1725,22.3948
OLSR,Realistic,100,13.0127,121.437,1414,184,599,5.39674,18.1725,22.3948
OLSR,Realistic,100,25.6702,102.441,1231,316,599,5.27532,18.1725,22.3948
OLSR,Realistic,100,33.369,123.305,935,312,599,5.21154,18.1725,22.3948
OLSR,Realistic,100,17.4787,66.6056,1293,226,599,5.27434,18.1725,22.3948
DSDV,RWP,5,100,3.30441,478,478,0,1.14854,3.45,25.6
DSDV,RWP,5,86.1925,86.8562,478,412,0,1.18689,3.475,25.8
DSDV,RWP,5,100,3.56753,478,478,0,1.5523,3.25,24
DSDV,RWP,5,72.8033,198.038,478,348,0,1.56897,3.65,27.2
DSDV,RWP,5,100,4.36923,478,478,1,1.14435,3.4,22.9091
DSDV,RWP,5,100,3.01901,478,478,0,1,3.45,25.6
DSDV,RWP,5,86.1925,85.5734,478,412,0,1.01699,3.3,24.4
DSDV,RWP,5,86.6109,83.6149,478,414,0,1.06039,3.45,25.6
DSDV,RWP,5,100,3.37991,478,478,0,1.14854,3.95,29.6
DSDV,RWP,5,72.8033,196.933,478,348,0,1.02874,3.25,24
DSDV,RWP,10,78.3051,68.7493,1180,924,1,1.17316,6.4625,20.5217
DSDV,RWP,10,88.3898,27.4597,1180,1043,1,1.35091,7.0375,22.5217
DSDV,RWP,10,75.5085,5.84234,1180,891,0,1.03255,8.1875,27.1111
DSDV,RWP,10,93.6441,30.4696,1180,1105,1,1.13484,7.4,23.7826
DSDV,RWP,10,74.2373,29.2242,1180,876,1,1.00342,6.5375,20.7826
DSDV,RWP,10,85.7627,42.3438,1180,1012,2,1.1749,7.5,23.617
DSDV,RWP,10,93.8983,8.44441,1180,1108,1,1.10921,7.15,22.913
DSDV,RWP,10,80,4.65545,1180,944,1,1.20233,7.1125,22.7826
DSDV,RWP,10,100,5.79224,1180,1180,0,1.01017,6.375,20.6667
DSDV,RWP,10,80.0847,6.26718,1180,945,0,1.2127,6.7375,21.9556
DSDV,RWP,20,73.4442,40.7006,1864,1369,3,1.44996,11.2063,18.4091
DSDV,RWP,20,76.1803,42.1516,1864,1420,2,1.71972,11.5937,18.9831
DSDV,RWP,20,57.3498,33.7467,1864,1069,3,1.81946,11.4688,18.1978
DSDV,RWP,20,70.4936,15.2204,1864,1314,1,1.42846,12.0063,18.1257
DSDV,RWP,20,83.1545,27.5892,1864,1550,1,1.62774,11.0625,16.5445
DSDV,RWP,20,63.0901,12.4984,1864,1176,6,1.72194,11.5063,20.5244
DSDV,RWP,20,65.2361,15.5441,1864,1216,8,1.39885,11.5563,19.9763
DSDV,RWP,20,58.5837,75.4214,1864,1092,2,1.86081,11.3813,18.7159
DSDV,RWP,20,81.2768,10.9946,1864,1515,1,1.07195,11.7125,19.6763
DSDV,RWP,20,66.2554,29.9498,1864,1235,6,1.36599,12.1562,18.8663
DSDV,RWP,50,64.2704,40.468,1864,1198,14,1.92404,17.44,15.6293
DSDV,RWP,50,72.8004,18.0459,1864,1357,16,2.33088,15.97,15.6906
DSDV,RWP,50,58.9056,41.1478,1864,1098,12,3.0173,19.225,16.8543
DSDV,RWP,50,70.9227,34.5145,1864,1322,26,2.23147,18.16,16.6684
DSDV,RWP,50,81.4914,15.7206,1864,1519,18,1.55497,15.6475,17.1081
DSDV,RWP,50,61.6416,23.3997,1864,1149,22,2.10879,17.555,15.1596
DSDV,RWP,50,67.9721,21.4491,1864,1267,21,2.5296,16.4325,16.0164
DSDV,RWP,50,65.2897,34.3789,1864,1217,20,1.63353,15.9275,17.5743
DSDV,RWP,50,70.0644,8.32096,1864,1306,24,1.94028,18.6625,16.1112
DSDV,RWP,50,53.5944,55.568,1864,999,7,2.33534,15.805,15.7035
DSDV,RWP,100,68.2403,38.1021,1864,1272,61,3.45362,18.8587,16.9468
DSDV,RWP,100,56.7597,64.5923,1864,1058,51,3.56333,20.4913,16.518
DSDV,RWP,100,56.867,35.4649,1864,1060,55,3.56792,18.1188,18.3782
DSDV,RWP,100,58.5837,69.583,1864,1092,52,4.07143,19.105,17.5737
DSDV,RWP,100,54.0236,37.3807,1864,1007,79,4.0993,18.14,18.4213
DSDV,RWP,100,68.8841,37.6659,1864,1284,49,3.65343,19.0325,17.8119
DSDV,RWP,100,65.9335,35.6353,1864,1229,59,3.91294,17.0275,16.3638
DSDV,RWP,100,60.2468,42.1168,1864,1123,50,2.37311,18.75,17.4319
DSDV,RWP,100,73.5515,35.3305,1864,1371,54,3.05179,19.6587,16.8994
DSDV,RWP,100,64.2704,40.8271,1864,1198,56,2.71953,18.0412,16.8047
DSDV,Realistic,5,60.0418,2.81346,478,287,6,1.0662,3.175,24.6
DSDV,Realistic,5,63.5983,3.47301,478,304,6,1.11842,3.175,24.6
DSDV,Realistic,5,56.0669,2.52049,478,268,6,1,3.175,24.6
DSDV,Realistic,5,60.6695,22.2973,478,290,6,1.07586,3.175,24.6
DSDV,Realistic,5,63.8075,4.601,478,305,6,1.28525,3.175,24.6
DSDV,Realistic,5,63.5983,3.39978,478,304,6,1.11842,3.175,24.6
DSDV,Realistic,5,60.6695,22.5959,478,290,6,1.32069,3.175,24.6
DSDV,Realistic,5,64.0167,3.58631,478,306,6,1.12418,3.175,24.6
DSDV,Realistic,5,83.8912,3.6233,478,401,6,1.42145,3.175,24.6
DSDV,Realistic,5,51.4644,26.6728,478,246,6,1.21138,3.175,24.6
DSDV,Realistic,10,100,4.90651,1180,1180,25,1,7.1875,24.6667
DSDV,Realistic,10,80,4.4099,1180,944,25,1,7.1875,24.6667
DSDV,Realistic,10,100,5.02436,1180,1180,25,1,7.1875,24.6667
DSDV,Realistic,10,80.339,3.90008,1180,948,25,1,7.1875,24.6667
DSDV,Realistic,10,79.8305,5.20583,1180,942,25,1.15924,7.1875,24.6667
DSDV,Realistic,10,99.9153,5.05524,1180,1179,25,1.01527,7.1875,24.6667
DSDV,Realistic,10,84.1525,4.50892,1180,993,25,1.04532,7.1875,24.6667
DSDV,Realistic,10,80,4.46015,1180,944,25,1.04025,7.1875,24.6667
DSDV,Realistic,10,97.8814,5.08638,1180,1155,25,1.03203,7.1875,24.6667
DSDV,Realistic,10,78.9831,5.14982,1180,932,25,1.19206,7.1875,24.6667
DSDV,Realistic,20,76.7704,9.117,1864,1431,87,1.12229,12.9625,23.574
DSDV,Realistic,20,77.1459,8.53249,1864,1438,87,1.08693,12.9625,23.574
DSDV,Realistic,20,91.0408,36.4295,1864,1697,87,1.0825,12.9625,23.574
DSDV,Realistic,20,94.1524,23.133,1864,1755,87,1.02507,12.9625,23.574
DSDV,Realistic,20,80.0966,43.6538,1864,1493,87,1.08171,12.9625,23.574
DSDV,Realistic,20,86.0515,11.9563,1864,1604,87,1.02556,12.9625,23.574
DSDV,Realistic,20,77.3069,11.0131,1864,1441,87,1.09577,12.9625,23.574
DSDV,Realistic,20,96.9421,11.8884,1864,1807,87,1.06918,12.9625,23.574
DSDV,Realistic,20,70.9764,28.4537,1864,1323,87,1.07029,12.9625,23.574
DSDV,Realistic,20,71.191,24.2554,1864,1327,87,1.11153,12.9625,23.574
DSDV,Realistic,50,28.9163,104.522,1864,539,279,3.24861,16.87,22.613
DSDV,Realistic,50,25.3219,103.981,1864,472,279,3.33475,16.87,22.613
DSDV,Realistic,50,45.6545,78.1615,1864,851,279,3.45476,16.87,22.613
DSDV,Realistic,50,19.1524,150.765,1864,357,279,3.36695,16.87,22.613
DSDV,Realistic,50,28.809,132.571,1864,537,279,3.5419,16.87,22.613
DSDV,Realistic,50,37.2318,55.8897,1864,694,279,3.45245,16.87,22.613
DSDV,Realistic,50,32.4571,96.0175,1864,605,279,3.61322,16.87,22.613
DSDV,Realistic,50,43.5086,98.9564,1864,811,279,3.51541,16.87,22.613
DSDV,Realistic,50,40.0215,90.7526,1864,746,279,3.62735,16.87,22.613
DSDV,Realistic,50,26.1803,69.8773,1864,488,279,3.23566,16.87,22.613
DSDV,Realistic,100,26.8777,172.832,1864,501,599,6.71457,18.1725,22.3948
DSDV,Realistic,100,28.9163,158.534,1864,539,599,6.91466,18.1725,22.3948
DSDV,Realistic,100,16.7382,177.996,1864,312,599,7.53846,18.1725,22.3948
DSDV,Realistic,100,20.7082,246.437,1864,386,599,7.0829,18.1725,22.3948
DSDV,Realistic,100,26.1266,223.748,1864,487,599,7.30801,18.1725,22.3948
DSDV,Realistic,100,20.6009,197.465,1864,384,599,7.22656,18.1725,22.3948
DSDV,Realistic,100,16.5236,270.928,1864,308,599,6.71429,18.1725,22.3948
DSDV,Realistic,100,22.5322,301.106,1864,420,599,6.74762,18.1725,22.3948
DSDV,Realistic,100,19.5279,171.47,1864,364,599,6.95055,18.1725,22.3948
DSDV,Realistic,100,28.3798,220.179,1864,529,599,7.03403,18.1725,22.3948
