protocol,mobility,nNodes,pdr,avgDelayMs,txPackets,rxPackets,linkBreaks,avgHopCount,avgNodeDegree,avgLinkLifetimeS,seed
AODV,GridCoverage,5,81.3121,1141.56,503,409,9,1.75795,1.3,9.09091,1
AODV,GridCoverage,5,81.1881,1139.68,505,410,9,1.77805,1.3,9.09091,2
AODV,GridCoverage,5,81.3121,1141.49,503,409,9,1.75795,1.3,9.09091,3
AODV,GridCoverage,5,77.381,1204.8,504,390,9,1.76667,1.3,9.09091,4
AODV,GridCoverage,5,91.0537,1187.74,503,458,9,1.869,1.3,9.09091,5
AODV,GridCoverage,5,81.3121,1141.1,503,409,9,1.75795,1.3,9.09091,6
AODV,GridCoverage,5,91.0537,1189.64,503,458,9,1.869,1.3,9.09091,7
AODV,GridCoverage,5,81.3121,1142.24,503,409,9,1.75795,1.3,9.09091,8
AODV,GridCoverage,5,81.3121,1141.39,503,409,9,1.75795,1.3,9.09091,9
AODV,GridCoverage,5,81.3121,1141.12,503,409,9,1.75795,1.3,9.09091,10
AODV,GridCoverage,10,47.2018,53.4951,1358,641,25,1.96568,3.1875,11.0233,1
AODV,GridCoverage,10,49.3351,237.359,1504,742,25,1.89623,3.1875,11.0233,2
AODV,GridCoverage,10,57.1238,184.295,1502,858,25,1.81235,3.1875,11.0233,3
AODV,GridCoverage,10,45.9832,59.5918,1307,601,25,1.8985,3.1875,11.0233,4
AODV,GridCoverage,10,47.3373,63.8483,1352,640,25,1.94063,3.1875,11.0233,5
AODV,GridCoverage,10,52.8497,377.127,1351,714,25,2.13445,3.1875,11.0233,6
AODV,GridCoverage,10,44.6809,83.285,1363,609,25,1.82594,3.1875,11.0233,7
AODV,GridCoverage,10,48.071,237.133,1296,623,25,2.00642,3.1875,11.0233,8
AODV,GridCoverage,10,46.148,72.1748,1324,611,25,1.88543,3.1875,11.0233,9
AODV,GridCoverage,10,57.8694,170.179,1455,842,25,1.94299,3.1875,11.0233,10
AODV,GridCoverage,20,41.0751,34.5909,2437,1001,81,1.52647,5.55625,12.4776,1
AODV,GridCoverage,20,51.2821,226.782,2535,1300,81,1.68385,5.55625,12.4776,2
AODV,GridCoverage,20,44.0491,51.5334,2361,1040,81,1.82115,5.55625,12.4776,3
AODV,GridCoverage,20,45.3761,25.1591,2433,1104,81,1.64402,5.55625,12.4776,4
AODV,GridCoverage,20,43.6197,43.0809,2398,1046,81,1.62237,5.55625,12.4776,5
AODV,GridCoverage,20,38.8864,69.2456,2191,852,81,1.77347,5.55625,12.4776,6
AODV,GridCoverage,20,44.2751,39.0465,2428,1075,81,1.59349,5.55625,12.4776,7
AODV,GridCoverage,20,42.8076,63.3651,2308,988,81,1.65081,5.55625,12.4776,8
AODV,GridCoverage,20,44.8997,19.6803,2392,1074,81,1.72067,5.55625,12.4776,9
AODV,GridCoverage,20,49.2754,63.7736,2760,1360,81,1.47206,5.55625,12.4776,10
OLSR,GridCoverage,5,44.2029,1.6522,276,122,9,1,1.3,9.09091,1
OLSR,GridCoverage,5,56.0748,1.57149,214,120,9,1,1.3,9.09091,2
OLSR,GridCoverage,5,55.5046,1.66033,218,121,9,1,1.3,9.09091,3
OLSR,GridCoverage,5,50.6383,1.60663,235,119,9,1,1.3,9.09091,4
OLSR,GridCoverage,5,46.5753,1.6172,219,102,9,1,1.3,9.09091,5
OLSR,GridCoverage,5,50.6383,1.67226,235,119,9,1,1.3,9.09091,6
OLSR,GridCoverage,5,52.0661,1.56803,242,126,9,1,1.3,9.09091,7
OLSR,GridCoverage,5,55.6561,1.63867,221,123,9,1,1.3,9.09091,8
OLSR,GridCoverage,5,43.6364,1.61704,275,120,9,1,1.3,9.09091,9
OLSR,GridCoverage,5,52.2523,25.0126,222,116,9,1,1.3,9.09091,10
OLSR,GridCoverage,10,27.8464,35.1676,729,203,25,2,3.1875,11.0233,1
OLSR,GridCoverage,10,37.1669,29.0276,713,265,25,2,3.1875,11.0233,2
OLSR,GridCoverage,10,41.9703,24.1438,741,311,25,2,3.1875,11.0233,3
OLSR,GridCoverage,10,44.5573,11.0826,689,307,25,2,3.1875,11.0233,4
OLSR,GridCoverage,10,44.8,34.0422,750,336,25,2,3.1875,11.0233,5
OLSR,GridCoverage,10,40.5523,9.36733,688,279,25,2,3.1875,11.0233,6
OLSR,GridCoverage,10,39.8836,17.3248,687,274,25,2,3.1875,11.0233,7
OLSR,GridCoverage,10,39.3305,29.6717,717,282,25,2,3.1875,11.0233,8
OLSR,GridCoverage,10,41.3613,18.7566,764,316,25,2,3.1875,11.0233,9
OLSR,GridCoverage,10,45.2482,9.09856,705,319,25,2,3.1875,11.0233,10
OLSR,GridCoverage,20,28.7684,34.4457,1088,313,81,2,5.55625,12.4776,1
OLSR,GridCoverage,20,39.9384,46.5219,974,389,81,2,5.55625,12.4776,2
OLSR,GridCoverage,20,29.5529,29.7302,917,271,81,2,5.55625,12.4776,3
OLSR,GridCoverage,20,24.1026,89.5118,975,235,81,2,5.55625,12.4776,4
OLSR,GridCoverage,20,28.0295,21.0686,949,266,81,2,5.55625,12.4776,5
OLSR,GridCoverage,20,36.1361,39.648,999,361,81,2,5.55625,12.4776,6
OLSR,GridCoverage,20,36.5832,51.2627,1118,409,81,2,5.55625,12.4776,7
OLSR,GridCoverage,20,28.8867,92.2042,997,288,81,2,5.55625,12.4776,8
OLSR,GridCoverage,20,37.6768,36.7258,990,373,81,2,5.55625,12.4776,9
OLSR,GridCoverage,20,29.8918,27.241,1017,304,81,2,5.55625,12.4776,10
DSDV,GridCoverage,5,24.8954,534.319,478,119,9,1.42017,1.3,9.09091,1
DSDV,GridCoverage,5,24.8954,533.566,478,119,9,1.42017,1.3,9.09091,2
DSDV,GridCoverage,5,24.8954,533.685,478,119,9,1.42017,1.3,9.09091,3
DSDV,GridCoverage,5,24.6862,482.332,478,118,9,1.41525,1.3,9.09091,4
DSDV,GridCoverage,5,24.8954,534.04,478,119,9,1.42017,1.3,9.09091,5
DSDV,GridCoverage,5,24.477,431.487,478,117,9,1.41026,1.3,9.09091,6
DSDV,GridCoverage,5,25.1046,528.614,478,120,9,1.425,1.3,9.09091,7
DSDV,GridCoverage,5,24.8954,533.242,478,119,9,1.42017,1.3,9.09091,8
DSDV,GridCoverage,5,24.8954,534.107,478,119,9,1.42017,1.3,9.09091,9
DSDV,GridCoverage,5,24.8954,533.805,478,119,9,1.42017,1.3,9.09091,10
DSDV,GridCoverage,10,28.6441,35.0242,1180,338,25,2.01775,3.1875,11.0233,1
DSDV,GridCoverage,10,19.7458,426.923,1180,233,25,2.1588,3.1875,11.0233,2
DSDV,GridCoverage,10,18.2203,368.178,1180,215,25,2.10698,3.1875,11.0233,3
DSDV,GridCoverage,10,30,125.835,1180,354,25,2.31356,3.1875,11.0233,4
DSDV,GridCoverage,10,21.9492,117.765,1180,259,25,2.01931,3.1875,11.0233,5
DSDV,GridCoverage,10,23.4746,218.971,1180,277,25,2.07942,3.1875,11.0233,6
DSDV,GridCoverage,10,9.66102,297.4,1180,114,25,2.13158,3.1875,11.0233,7
DSDV,GridCoverage,10,16.6949,5.81683,1180,197,25,2,3.1875,11.0233,8
DSDV,GridCoverage,10,24.661,225.328,1180,291,25,2.06529,3.1875,11.0233,9
DSDV,GridCoverage,10,17.8814,478.927,1180,211,25,2.1327,3.1875,11.0233,10
DSDV,GridCoverage,20,29.2918,285.064,1864,546,81,2.21429,5.55625,12.4776,1
DSDV,GridCoverage,20,27.8433,356.616,1864,519,81,2.11368,5.55625,12.4776,2
DSDV,GridCoverage,20,29.6674,278.02,1864,553,81,2.12116,5.55625,12.4776,3
DSDV,GridCoverage,20,23.7124,361.687,1864,442,81,2.04977,5.55625,12.4776,4
DSDV,GridCoverage,20,26.6631,360.371,1864,497,81,2.12274,5.55625,12.4776,5
DSDV,GridCoverage,20,23.8197,350.988,1864,444,81,2.09459,5.55625,12.4776,6
DSDV,GridCoverage,20,29.2382,329.831,1864,545,81,2.10459,5.55625,12.4776,7
DSDV,GridCoverage,20,23.5515,302.949,1864,439,81,2.04784,5.55625,12.4776,8
DSDV,GridCoverage,20,22.0494,293.276,1864,411,81,2.0438,5.55625,12.4776,9
DSDV,GridCoverage,20,34.9249,235.539,1864,651,81,2.21813,5.55625,12.4776,10
